customer_id,customer_name,customer_email,customer_cpf,registration_date
1001,João Silva,joao.silva@email.com,123.456.789-10,2023-01-15
1002,Maria Santos,maria.santos@email.com,987.654.321-09,2023-02-20
1003,Pedro Oliveira,pedro@empresa.com.br,111.222.333-44,2023-03-10
1004,Ana Costa,ana.costa@email.com,444.555.666-77,2023-04-05
1005,Carlos Ferreira,carlos.ferreira@email.com,12345678901,2023-05-12
1006,Juliana Mendes,joao.silva@email.com,555.666.777-88,2023-06-18
1007,Roberto Silva,roberto@email,222.333.444-55,2023-07-22
1008,Lucia Gomes,lucia.gomes@email.com,666.777.888-99,2023-08-30
1009,Felipe Costa,felipe.costa@email.com,777.888.999-00,2023-09-14
1010,Mariana Dias,,888.999.000-11,2023-10-25
